,request_id,requester_received_pizza
0,t3_i8iy4,0
1,t3_1mfqi0,0
2,t3_lclka,0
3,t3_1jdgdj,0
4,t3_t2qt4,0
5,t3_pvojb,0
6,t3_142n4c,0
7,t3_17rja6,0
8,t3_1lg6u2,0
9,t3_1b0mtx,0
10,t3_mmivq,0
11,t3_11ux2a,0
12,t3_klige,0
13,t3_1iv3cj,0
14,t3_13dh0w,0
15,t3_li326,0
16,t3_xww8y,0
17,t3_kogen,0
18,t3_ik8w1,0
19,t3_j3nnl,0
20,t3_j6xvd,0
21,t3_1lsrj5,0
22,t3_idld7,0
23,t3_y6amf,0
24,t3_hl0ft,0
25,t3_jg6yk,0
26,t3_1k5ss6,0
27,t3_u6i4z,0
28,t3_ltuhq,0
29,t3_1m2om7,0
30,t3_hgdtf,0
31,t3_w89lu,0
32,t3_ifk6u,0
33,t3_18c4e9,0
34,t3_133rk6,0
35,t3_icpa2,0
36,t3_tllxh,0
37,t3_ibvic,0
38,t3_153cst,0
39,t3_115vox,0
40,t3_n318c,0
41,t3_ojy6r,0
42,t3_wziql,0
43,t3_jiwx8,0
44,t3_ibsyq,0
45,t3_v07fz,0
46,t3_us9ho,0
47,t3_1l120o,0
48,t3_1avwr4,0
49,t3_11pdxt,0
50,t3_1eg6hz,0
51,t3_nfom9,0
52,t3_qaf9d,0
53,t3_15dl3p,0
54,t3_1ietp9,0
55,t3_if8os,0
56,t3_irugk,1
57,t3_i5liz,0
58,t3_1indge,0
59,t3_1j6smi,0
60,t3_1lxyig,0
61,t3_hecc7,0
62,t3_14tiyz,0
63,t3_k1z07,0
64,t3_10wwjr,0
65,t3_lvs72,0
66,t3_18u12f,0
67,t3_yftil,0
68,t3_i20wz,0
69,t3_zs6gr,0
70,t3_17rugq,0
71,t3_10cmhw,0
72,t3_1jgj8g,0
73,t3_16q2jp,0
74,t3_1hbpnz,0
75,t3_1737ki,0
76,t3_pfl37,0
77,t3_qg1wv,0
78,t3_wcupv,0
79,t3_14gsx5,0
80,t3_xzsu3,1
81,t3_1lnsb4,0
82,t3_iympu,0
83,t3_k9o6g,0
84,t3_1ktbje,0
85,t3_zuow2,0
86,t3_16tazw,0
87,t3_pvl3a,0
88,t3_11a45a,0
89,t3_187gk8,0
90,t3_jrtbz,0
91,t3_lagsc,0
92,t3_rt9rt,0
93,t3_15qz4q,0
94,t3_hz1m5,0
95,t3_119agf,1
96,t3_k70hk,0
97,t3_i2xbl,0
98,t3_10gk0h,0
99,t3_1mwaf9,0
100,t3_uwwyl,0
101,t3_10ca6l,0
102,t3_1h4mik,0
103,t3_i0qp5,0
104,t3_krx89,0
105,t3_ibtwa,0
106,t3_11tb71,0
107,t3_sfrhj,0
108,t3_jncp2,0
109,t3_t7qee,0
110,t3_zxawy,0
111,t3_id14p,0
112,t3_1by9im,0
113,t3_hwxwd,0
114,t3_jmo2j,0
115,t3_wc93i,0
116,t3_qzu7s,0
117,t3_xn9n8,0
118,t3_10vrop,0
119,t3_1crhe7,0
120,t3_sz4rm,0
121,t3_micek,0
122,t3_nbkbt,0
123,t3_13jofn,0
124,t3_1fwjjw,0
125,t3_q2spw,0
126,t3_v8f7b,0
127,t3_1cnqfg,0
128,t3_xn0no,0
129,t3_ki6jk,0
130,t3_mbcj7,0
131,t3_j65lu,0
132,t3_jm9ld,0
133,t3_tfo4q,0
134,t3_1160fi,0
135,t3_yg7bf,0
136,t3_naauc,0
137,t3_14tdkv,0
138,t3_ozrs5,0
139,t3_mywtr,0
140,t3_14bzcp,0
141,t3_1hwd6l,0
142,t3_10wbvp,0
143,t3_1bn2ov,0
144,t3_14talm,0
145,t3_13seyz,0
146,t3_jnywu,0
147,t3_tdww7,0
148,t3_vn1l9,0
149,t3_zhzk6,0
150,t3_1fyoex,0
151,t3_11t3kg,0
152,t3_tubzr,0
153,t3_1gstqn,0
154,t3_1euaic,0
155,t3_ynaia,0
156,t3_1mwhh9,0
157,t3_m1y90,0
158,t3_1je8f1,0
159,t3_rx4zo,1
160,t3_1f8kvl,0
161,t3_1is6ya,0
162,t3_iai8b,0
163,t3_1fnw48,0
164,t3_vmwzf,0
165,t3_jg8jk,0
166,t3_12hejm,0
167,t3_1krjs4,0
168,t3_k4utv,0
169,t3_xbitu,0
170,t3_13y8zq,0
171,t3_q60gf,0
172,t3_jb9gi,0
173,t3_t22lo,0
174,t3_vptrf,0
175,t3_1cexg7,0
176,t3_yuxak,0
177,t3_kdstl,0
178,t3_1gy3zk,0
179,t3_1cn4fz,0
180,t3_1o5psw,0
181,t3_1fi04r,0
182,t3_ovnya,0
183,t3_puk2v,0
184,t3_1mwqc3,0
185,t3_hueth,0
186,t3_1muyje,0
187,t3_l5kka,0
188,t3_1cmihx,0
189,t3_10j1np,0
190,t3_sydf2,0
191,t3_1fcf2h,0
192,t3_m2id2,0
193,t3_m0vt8,0
194,t3_14t7j9,0
195,t3_1b0jci,0
196,t3_zsa2t,0
197,t3_xd60b,0
198,t3_htzo7,0
199,t3_1hl0jw,0
200,t3_19lq75,0
201,t3_1bp2u8,0
202,t3_jdxtx,0
203,t3_j68ur,0
204,t3_10fo7v,0
205,t3_18cqfw,0
206,t3_1bp1we,0
207,t3_hzzgp,0
208,t3_jrzko,0
209,t3_ieglz,0
210,t3_113kuj,0
211,t3_ledoj,0
212,t3_iy36f,0
213,t3_113qym,0
214,t3_zha1q,0
215,t3_16xsqk,0
216,t3_tq5qq,0
217,t3_y2qle,0
218,t3_jafft,0
219,t3_s6iox,0
220,t3_vhs8y,0
221,t3_kyw1u,0
222,t3_12839n,0
223,t3_jsaom,0
224,t3_qmp3p,0
225,t3_ny3zk,0
226,t3_lkmwg,0
227,t3_uhmf8,0
228,t3_hyr3z,0
229,t3_pvs82,0
230,t3_htfi5,0
231,t3_ltyr4,0
232,t3_x285o,0
233,t3_j2fxf,0
234,t3_lt6l5,0
235,t3_mlwsc,0
236,t3_kwlpi,0
237,t3_susbr,0
238,t3_13ww4i,0
239,t3_rs4rl,0
240,t3_12l3sq,0
241,t3_1e7zhc,0
242,t3_14ssun,0
243,t3_pbh5x,0
244,t3_1iemsj,0
245,t3_qdn9m,0
246,t3_ienvf,0
247,t3_1ckh9t,0
248,t3_hwzc2,0
249,t3_p3lkq,0
250,t3_icr1j,0
251,t3_1ipgcx,0
252,t3_iqw0f,0
253,t3_1fbfeg,0
254,t3_j7us6,0
255,t3_iwany,0
256,t3_mdhq5,1
257,t3_wag1s,0
258,t3_1kvwpq,0
259,t3_plp25,0
260,t3_k3qyc,0
261,t3_12txtd,0
262,t3_irj2c,0
263,t3_qnrv7,0
264,t3_m7bdd,0
265,t3_10qngl,0
266,t3_10d4a8,0
267,t3_w160y,0
268,t3_lp1ux,0
269,t3_1i6bna,0
270,t3_1g74wk,0
271,t3_18pv4q,0
272,t3_1epv0f,0
273,t3_1mvb6s,0
274,t3_17z37c,0
275,t3_m6np7,0
276,t3_11tiox,0
277,t3_jf55a,0
278,t3_l3g0s,0
279,t3_19p6mc,0
280,t3_xeedv,0
281,t3_slq9i,0
282,t3_jirtz,0
283,t3_tblcz,0
284,t3_qqud3,0
285,t3_r06po,0
286,t3_1l2a9r,0
287,t3_iefba,0
288,t3_kbc4h,0
289,t3_mc7hx,0
290,t3_1cyxp5,0
291,t3_1lmc4f,0
292,t3_wo6p3,0
293,t3_ojtem,0
294,t3_k3yrb,0
295,t3_i8xhn,0
296,t3_w6xdm,0
297,t3_1mxpun,0
298,t3_1lx6vd,0
299,t3_j8hka,0
300,t3_xawwv,0
301,t3_1l19vv,0
302,t3_j4vbo,0
303,t3_1ikc0d,0
304,t3_m6rdr,0
305,t3_19xxso,0
306,t3_jt1ti,0
307,t3_1abab2,0
308,t3_17rl0y,0
309,t3_jdfhh,0
310,t3_1atk3v,0
311,t3_tglzi,0
312,t3_1iv6uf,0
313,t3_p85iu,0
314,t3_x9v8i,0
315,t3_mwclc,0
316,t3_1432t6,0
317,t3_1732xx,1
318,t3_uaqw7,0
319,t3_jwam4,0
320,t3_143pb1,0
321,t3_ixmw3,0
322,t3_roye7,0
323,t3_1l1b96,0
324,t3_1lfxmx,0
325,t3_sm0fi,1
326,t3_x6xfz,0
327,t3_1akj1c,0
328,t3_jzcyp,0
329,t3_o1gb7,0
330,t3_1dapt6,0
331,t3_1a1wmz,0
332,t3_17apty,0
333,t3_13fi4r,0
334,t3_1ly2ne,0
335,t3_1mvmz3,0
336,t3_10uh4n,0
337,t3_1m4s8q,0
338,t3_wd1bd,0
339,t3_ifih0,0
340,t3_1hbxzi,0
341,t3_qs09d,0
342,t3_mjf5t,0
343,t3_12p4qj,0
344,t3_soea1,0
345,t3_jly5g,0
346,t3_1lcmkx,0
347,t3_1jo0bx,1
348,t3_1ltp6r,0
349,t3_181l4t,0
350,t3_ipzg4,0
351,t3_js0ju,0
352,t3_1gveed,0
353,t3_tozvc,0
354,t3_1kilzb,0
355,t3_185vvk,0
356,t3_m47yc,0
357,t3_1mg7m1,0
358,t3_1mdya5,0
359,t3_19ctqj,0
360,t3_1mim72,0
361,t3_iymko,0
362,t3_opkmm,0
363,t3_y466n,0
364,t3_jx9tr,0
365,t3_10zoec,0
366,t3_u08u0,0
367,t3_19ob9z,0
368,t3_jzkd1,0
369,t3_q73oq,0
370,t3_y5vj7,1
371,t3_y8w7b,0
372,t3_kxjsp,0
373,t3_1ivwvt,0
374,t3_x768a,0
375,t3_1iv28l,0
376,t3_1l27b3,0
377,t3_q1xxo,0
378,t3_jb6na,0
379,t3_163bzy,0
380,t3_qsejn,0
381,t3_1nbrku,0
382,t3_1ej7wt,0
383,t3_zh75s,0
384,t3_lstm9,0
385,t3_1j5z7e,0
386,t3_1574sv,0
387,t3_wkdxa,0
388,t3_pl5aj,0
389,t3_qap6u,0
390,t3_1gvnj8,0
391,t3_js9gy,0
392,t3_is8cd,0
393,t3_lbl8w,0
394,t3_uozbx,0
395,t3_1lxntp,0
396,t3_11n72r,0
397,t3_1iez8q,0
398,t3_ozu7k,0
399,t3_owy0m,0
400,t3_1md6b9,0
401,t3_1ex028,0
402,t3_1dg2bk,0
403,t3_hzt8o,1
404,t3_131n6r,0
405,t3_1jxgvf,0
406,t3_jmdya,0
407,t3_mg1zt,0
408,t3_j0cz0,0
409,t3_k1gsx,0
410,t3_1dmups,0
411,t3_x959y,0
412,t3_nnbds,0
413,t3_13trxv,0
414,t3_1awfml,0
415,t3_lyy5x,0
416,t3_1iwegx,0
417,t3_193frj,0
418,t3_1iudup,0
419,t3_1fwbdg,0
420,t3_16xtvk,0
421,t3_1ipepz,0
422,t3_mhcm8,0
423,t3_1gq3gs,0
424,t3_vghwo,0
425,t3_keseq,0
426,t3_16z08l,0
427,t3_mas62,0
428,t3_1isgm3,0
429,t3_puwjr,0
430,t3_liudo,0
431,t3_jxh9m,0
432,t3_11yzo2,0
433,t3_1btj3q,0
434,t3_lfma1,0
435,t3_pbyjt,0
436,t3_1jo4f6,0
437,t3_yejtx,0
438,t3_193zoz,0
439,t3_16w2nh,0
440,t3_jhmef,1
441,t3_tlbjk,0
442,t3_s80om,0
443,t3_kwrjo,0
444,t3_1cw1ms,0
445,t3_uj99i,0
446,t3_1apdwu,0
447,t3_iborf,0
448,t3_12kfy9,0
449,t3_126tep,0
450,t3_ji3ca,0
451,t3_lqnpz,0
452,t3_ibvn8,0
453,t3_i50i4,0
454,t3_lushm,0
455,t3_iffit,0
456,t3_12nmdv,0
457,t3_1lrh6u,0
458,t3_qvbzt,0
459,t3_1iez5w,0
460,t3_ql5gi,0
461,t3_1msxkn,0
462,t3_jf2fg,0
463,t3_1g4lyw,0
464,t3_1k910y,0
465,t3_x3cmt,0
466,t3_x9etl,0
467,t3_klaa6,0
468,t3_yht6g,0
469,t3_y2ljd,0
470,t3_ialy9,0
471,t3_naq48,0
472,t3_107ru4,0
473,t3_1ihfkx,0
474,t3_1ll049,0
475,t3_12nmjl,0
476,t3_1mit7t,0
477,t3_1n84jc,0
478,t3_1boflh,0
479,t3_121toe,0
480,t3_umaqa,0
481,t3_i4ck0,0
482,t3_193zo3,0
483,t3_1jggdv,0
484,t3_lencv,0
485,t3_1ahfft,0
486,t3_vpa6p,0
487,t3_k1yom,0
488,t3_k4nfr,0
489,t3_iptt8,0
490,t3_1n5n9z,0
491,t3_sss6w,0
492,t3_jb038,0
493,t3_v8beo,0
494,t3_i9qjc,0
495,t3_uoywy,0
496,t3_15gf4h,0
497,t3_z7i98,0
498,t3_kibv8,0
499,t3_lope8,0
500,t3_116umn,0
501,t3_k31fw,0
502,t3_yl88m,0
503,t3_iypmh,0
504,t3_ihdnr,0
505,t3_15jy6m,0
506,t3_1l0j5d,0
507,t3_1diu6d,0
508,t3_1fzhzr,0
509,t3_iclgj,0
510,t3_1jzcon,0
511,t3_l2tb0,0
512,t3_16xpx8,0
513,t3_1h6hhv,0
514,t3_10u7w0,0
515,t3_vnbuw,0
516,t3_j0p9a,0
517,t3_z59mf,0
518,t3_1lozqp,0
519,t3_mwzrw,0
520,t3_iri2m,0
521,t3_qc8g7,0
522,t3_mkd95,0
523,t3_yl0d6,0
524,t3_1gtjtl,0
525,t3_1l8cy1,0
526,t3_k0rt7,1
527,t3_17bfiq,0
528,t3_10ha4t,0
529,t3_ylne2,0
530,t3_q3bzv,0
531,t3_100ws2,0
532,t3_wkix8,0
533,t3_1cqwsx,0
534,t3_144op5,0
535,t3_pmvgu,0
536,t3_16bg93,0
537,t3_10a2dc,0
538,t3_pt1qv,0
539,t3_1na4hu,0
540,t3_1lt6br,0
541,t3_152ods,0
542,t3_1j96zh,0
543,t3_ialea,0
544,t3_1kiib3,0
545,t3_zj8ln,0
546,t3_1ku1id,0
547,t3_yq9dd,0
548,t3_j1ppy,0
549,t3_12rcts,0
550,t3_1005cj,0
551,t3_v10wr,0
552,t3_10tzmd,0
553,t3_1j4sg0,0
554,t3_13y2ou,0
555,t3_16c7pm,0
556,t3_jpyr1,0
557,t3_ynmkd,0
558,t3_14wvfb,0
559,t3_qj5j2,0
560,t3_ys4zk,0
561,t3_1imxgn,0
562,t3_ukrwy,0
563,t3_1b4spk,0
564,t3_wpp9o,0
565,t3_s4jhg,0
566,t3_i2vq7,0
567,t3_1miz3n,0
568,t3_1209kl,0
569,t3_wh0l4,0
570,t3_lu96s,0
571,t3_kcfr0,0
572,t3_1myvpl,0
573,t3_1l0lpu,0
574,t3_z1lre,0
575,t3_1mu7o8,0
576,t3_zukcs,0
577,t3_i6vkd,0
578,t3_kcldp,0
579,t3_19dhd6,0
580,t3_1i7c6y,0
581,t3_seonb,0
582,t3_rv4en,0
583,t3_qrwex,0
584,t3_1mo5ws,0
585,t3_ndq9f,0
586,t3_o0l9h,0
587,t3_tds8d,0
588,t3_1jde5v,0
589,t3_12hb73,0
590,t3_juemz,0
591,t3_kh34f,0
592,t3_khwp6,0
593,t3_iqumh,0
594,t3_pszmn,0
595,t3_1mx366,0
596,t3_jcm20,0
597,t3_1bbzet,0
598,t3_iowa1,1
599,t3_1h1syy,0
600,t3_myx8u,0
601,t3_1g7ny0,0
602,t3_17tkid,0
603,t3_11hcyw,0
604,t3_n6qkh,0
605,t3_tmn3s,0
606,t3_11v7q2,0
607,t3_1cd6yv,0
608,t3_io0oy,0
609,t3_1hip5p,0
610,t3_1gkd2i,0
611,t3_hvgv7,0
612,t3_m5a39,0
613,t3_17sl35,1
614,t3_utp3h,0
615,t3_10tv7s,0
616,t3_1a40n4,1
617,t3_kj8a0,0
618,t3_1mgrri,0
619,t3_1nd11h,0
620,t3_1ldhfb,0
621,t3_10mo95,0
622,t3_sx32l,0
623,t3_pw2mi,0
624,t3_o7co1,0
625,t3_16stuw,0
626,t3_1ctx4r,0
627,t3_1adx9s,0
628,t3_il9ks,0
629,t3_rp169,0
630,t3_zatki,0
631,t3_iknip,0
632,t3_uhoi3,0
633,t3_uz6m5,0
634,t3_127wms,0
635,t3_16bong,0
636,t3_uz1hn,0
637,t3_keq0w,0
638,t3_y3hef,0
639,t3_iaoch,0
640,t3_rf6ne,0
641,t3_1cjpyc,0
642,t3_t1rba,0
643,t3_j5td8,0
644,t3_mpkb2,0
645,t3_x8k7r,0
646,t3_ikw4b,0
647,t3_1784zg,0
648,t3_it7o4,0
649,t3_zv8j4,1
650,t3_12t1lk,0
651,t3_vjk10,0
652,t3_khwh9,0
653,t3_1b7u1o,0
654,t3_1l2duz,0
655,t3_wkwew,0
656,t3_l1klc,0
657,t3_1epqt0,1
658,t3_1mvp23,0
659,t3_tnfo9,0
660,t3_ka7al,0
661,t3_wwl2i,0
662,t3_inkwj,0
663,t3_ilt19,0
664,t3_pgs0h,0
665,t3_iwfey,0
666,t3_jqgd5,0
667,t3_qc5o5,0
668,t3_soims,0
669,t3_17s4gm,0
670,t3_1hq0de,0
671,t3_jigc8,0
672,t3_1l2vma,0
673,t3_14t437,0
674,t3_19jx8n,0
675,t3_n420r,0
676,t3_1czpg7,0
677,t3_ishzm,0
678,t3_nx2c3,0
679,t3_1jx4g7,0
680,t3_12zak9,0
681,t3_p7o7p,0
682,t3_u7588,0
683,t3_icoi3,0
684,t3_10p6bh,0
685,t3_j0ert,0
686,t3_i5pv9,0
687,t3_ncw61,0
688,t3_1a6oez,0
689,t3_15zae8,0
690,t3_118p7t,0
691,t3_p1s5g,0
692,t3_slvkc,0
693,t3_1n0mel,0
694,t3_z9a9f,0
695,t3_vzxe5,0
696,t3_103oiv,0
697,t3_14wzoi,0
698,t3_1ib7b2,0
699,t3_llyi4,0
700,t3_1kxzgl,0
701,t3_ihdep,0
702,t3_iui32,0
703,t3_pwu9g,0
704,t3_1jd4uk,0
705,t3_iq6md,0
706,t3_x7u2w,0
707,t3_1j6vvd,0
708,t3_103ub7,0
709,t3_14a8dq,0
710,t3_m99m6,0
711,t3_x7oqf,0
712,t3_1ce5o7,0
713,t3_1cvjjv,0
714,t3_1nbngz,0
715,t3_1a8xdn,0
716,t3_16yaml,0
717,t3_1i8aq1,1
718,t3_15nht5,0
719,t3_1glm8v,0
720,t3_l8c3e,0
721,t3_qgp7g,0
722,t3_1bbkjj,0
723,t3_l7tdm,0
724,t3_oqfw3,0
725,t3_vn01f,0
726,t3_j7spk,0
727,t3_k6wpu,0
728,t3_wywms,0
729,t3_1mzwgv,0
730,t3_1g30en,0
731,t3_1lqpgs,0
732,t3_xlntv,0
733,t3_1jaeay,0
734,t3_xwkff,0
735,t3_qble3,1
736,t3_vgtvb,0
737,t3_huun2,0
738,t3_11iwbh,0
739,t3_saszu,0
740,t3_17ziw6,0
741,t3_nfyao,0
742,t3_zuqs9,0
743,t3_1aoyt9,0
744,t3_i5viy,0
745,t3_1alsyg,0
746,t3_1i1vg0,0
747,t3_ot0gt,0
748,t3_o32bg,0
749,t3_1ihs5o,0
750,t3_n6ike,0
751,t3_19w1fa,0
752,t3_1iz7w9,0
753,t3_15irym,0
754,t3_recpu,0
755,t3_1bnjaf,0
756,t3_mn557,0
757,t3_1iuxw6,0
758,t3_1eipbs,0
759,t3_16gm64,0
760,t3_z10a2,0
761,t3_jq2qd,0
762,t3_yl0mo,0
763,t3_iburr,0
764,t3_ijk8n,0
765,t3_jya89,0
766,t3_mslxz,0
767,t3_1nuvzh,0
768,t3_kkd4w,0
769,t3_qbp6w,0
770,t3_1g2qc7,0
771,t3_10fjy1,0
772,t3_qzqrr,0
773,t3_sizfg,0
774,t3_k6dvb,0
775,t3_jx8c9,0
776,t3_1l7szl,0
777,t3_kal40,0
778,t3_y80tw,0
779,t3_q087s,0
780,t3_wcv08,0
781,t3_11ybtb,0
782,t3_jb0sr,0
783,t3_iqyh1,0
784,t3_vbvas,0
785,t3_i77kq,0
786,t3_kn4tz,0
787,t3_iql59,0
788,t3_1jtmxq,0
789,t3_1g4n79,0
790,t3_18a5ku,0
791,t3_1eojga,0
792,t3_qyoqv,0
793,t3_j0c1a,0
794,t3_14yxcw,0
795,t3_16n6pk,0
796,t3_vmld7,0
797,t3_19wz0p,0
798,t3_wh5io,0
799,t3_wllf8,0
800,t3_1j8sle,0
801,t3_ygzwt,0
802,t3_sf1tx,0
803,t3_my2jp,0
804,t3_1csu44,0
805,t3_1gzwv3,0
806,t3_14i071,0
807,t3_mlvt9,0
808,t3_16bki5,0
809,t3_1irwdx,0
810,t3_o9r7b,0
811,t3_14ul32,0
812,t3_1i0eh2,0
813,t3_mqngj,0
814,t3_1crdrj,0
815,t3_x5h3j,0
816,t3_1kud1g,0
817,t3_iokob,0
818,t3_lqc45,0
819,t3_1nbk5w,0
820,t3_1dqyg1,0
821,t3_1lxc6a,0
822,t3_16up9c,0
823,t3_ki92d,0
824,t3_xun5w,0
825,t3_jp37k,0
826,t3_iw40l,0
827,t3_1bnc88,0
828,t3_nf344,0
829,t3_if7k2,0
830,t3_jkyp6,0
831,t3_1cpe20,0
832,t3_tq16k,0
833,t3_1dd5tg,0
834,t3_16smd3,0
835,t3_uumxf,0
836,t3_1ihpy4,0
837,t3_ip2hr,1
838,t3_pvcnn,0
839,t3_16kriw,0
840,t3_lwy5f,0
841,t3_wy5o2,0
842,t3_15995m,0
843,t3_1g80pd,0
844,t3_vt5ky,0
845,t3_kpi24,0
846,t3_15uhsz,0
847,t3_wy5zu,0
848,t3_x3kb1,1
849,t3_j6rym,0
850,t3_oseds,0
851,t3_11u31u,0
852,t3_r167g,0
853,t3_1dauom,0
854,t3_11h6ki,0
855,t3_y9wpd,0
856,t3_spamz,0
857,t3_1ikz3c,0
858,t3_y60rj,0
859,t3_vctql,0
860,t3_k50j9,0
861,t3_iavvx,0
862,t3_u97ej,0
863,t3_zeqka,0
864,t3_ivcii,1
865,t3_10u1pr,0
866,t3_ibqzx,0
867,t3_k1f2x,0
868,t3_1e9rou,0
869,t3_ibp27,0
870,t3_yfron,0
871,t3_ity9v,0
872,t3_16tpsb,0
873,t3_1iwtmh,0
874,t3_o8a74,0
875,t3_lqmfy,0
876,t3_yabhi,0
877,t3_1gzjki,0
878,t3_qlw5i,0
879,t3_1iwu3k,0
880,t3_wzgke,0
881,t3_x60uq,0
882,t3_1n8ya7,0
883,t3_1mxh2m,0
884,t3_nuc18,0
885,t3_n02dy,0
886,t3_19jb1z,0
887,t3_1krrqc,0
888,t3_xuxaw,0
889,t3_xoqxy,0
890,t3_1iu6wt,0
891,t3_1hbjrr,0
892,t3_14xerk,0
893,t3_o4np7,0
894,t3_j6rve,0
895,t3_zjzx0,0
896,t3_wdhwu,0
897,t3_1ii2m8,0
898,t3_12jnd7,0
899,t3_noqvy,0
900,t3_1nbmq4,0
901,t3_13bycv,0
902,t3_1d3knr,0
903,t3_wogdg,0
904,t3_11q44h,0
905,t3_12nzg3,0
906,t3_17tw9t,0
907,t3_if2lx,0
908,t3_1jun2m,0
909,t3_19cylf,0
910,t3_jt3rn,0
911,t3_1ibd5b,0
912,t3_l7cxz,0
913,t3_1ci2kn,0
914,t3_lcdp2,0
915,t3_1lfolk,0
916,t3_1j8mbe,0
917,t3_jx8ma,0
918,t3_1cu42k,0
919,t3_kalpb,0
920,t3_12lehd,0
921,t3_kskxw,0
922,t3_1n296f,0
923,t3_lgsol,0
924,t3_i82id,0
925,t3_n5ee3,0
926,t3_mw6mn,0
927,t3_1c162l,0
928,t3_ihvtc,0
929,t3_154oxy,0
930,t3_kqiam,1
931,t3_n5s0d,0
932,t3_10kx56,0
933,t3_v1zxp,0
934,t3_11oca5,0
935,t3_lhtt9,0
936,t3_o1sex,0
937,t3_10opxp,0
938,t3_11l9tf,0
939,t3_wad1r,0
940,t3_11ub4a,0
941,t3_yrhwg,0
942,t3_wapmb,0
943,t3_1azh0f,0
944,t3_1cyenp,0
945,t3_m4a4w,1
946,t3_16ei1j,0
947,t3_17dp7q,0
948,t3_1b1yue,0
949,t3_128jt5,0
950,t3_xbm38,0
951,t3_1hplyt,0
952,t3_yhdcj,0
953,t3_1h7v40,0
954,t3_qywp7,1
955,t3_1mjo0g,0
956,t3_i2gwx,0
957,t3_x7px3,0
958,t3_17crrn,0
959,t3_15muo0,0
960,t3_iatwz,0
961,t3_j55ss,0
962,t3_1ah59z,0
963,t3_1hg3ju,1
964,t3_kfdgh,0
965,t3_l61uc,0
966,t3_w6c9t,0
967,t3_m5gfe,0
968,t3_1nuw9m,0
969,t3_rc0s8,0
970,t3_n04lh,0
971,t3_ozr08,0
972,t3_k5v9b,0
973,t3_z1zks,0
974,t3_q5yda,1
975,t3_y3xyz,0
976,t3_julqz,0
977,t3_14tned,0
978,t3_11ppkr,0
979,t3_1cruvk,0
980,t3_s3iwq,0
981,t3_iqvav,0
982,t3_lzc3o,0
983,t3_wgfco,0
984,t3_14tp3u,0
985,t3_pgnfb,0
986,t3_jf2ir,0
987,t3_k4gza,0
988,t3_10wg2c,0
989,t3_if7p7,0
990,t3_m45jf,0
991,t3_uf051,0
992,t3_17mn5i,0
993,t3_17gl52,0
994,t3_iqvla,0
995,t3_ldki5,0
996,t3_1126jt,0
997,t3_mvsb5,0
998,t3_n32ze,0
999,t3_gl7ef,0
1000,t3_iug9n,0
1001,t3_1ewdrb,0
1002,t3_tdu8m,0
1003,t3_k91wr,0
1004,t3_r0h5h,0
1005,t3_ifbw5,0
1006,t3_1n7sx3,1
1007,t3_1b5a4p,0
1008,t3_iamq6,0
1009,t3_o6z29,0
1010,t3_jydqo,0
1011,t3_p3ftt,0
1012,t3_pupzc,0
1013,t3_tn97v,0
1014,t3_vqsnl,0
1015,t3_12cxuc,0
1016,t3_1ktx51,0
1017,t3_tydcg,0
1018,t3_hug18,0
1019,t3_mi7ma,0
1020,t3_l67if,0
1021,t3_1lml71,0
1022,t3_otuha,0
1023,t3_1dfe2n,0
1024,t3_zkui3,0
1025,t3_1mh9w4,0
1026,t3_1jp3f1,0
1027,t3_16gr5b,0
1028,t3_mwd82,0
1029,t3_1jn1j6,0
1030,t3_1ezf35,0
1031,t3_1j4ytk,0
1032,t3_ud0gj,0
1033,t3_1f8knc,0
1034,t3_vgool,0
1035,t3_11b1ti,0
1036,t3_1aoz8s,0
1037,t3_1cr1zd,0
1038,t3_yvma1,0
1039,t3_ifzvz,0
1040,t3_sp26r,0
1041,t3_w5b9g,0
1042,t3_ql4hw,0
1043,t3_v1zdc,0
1044,t3_kxz0h,0
1045,t3_wa7hw,1
1046,t3_lgtm6,0
1047,t3_is4sr,0
1048,t3_19b1c5,0
1049,t3_1iv47z,0
1050,t3_1j04eu,0
1051,t3_1jx10i,0
1052,t3_i5o5g,0
1053,t3_1e920k,0
1054,t3_k70pb,0
1055,t3_xko5d,0
1056,t3_1a3vfl,0
1057,t3_1lxybt,0
1058,t3_ldjhu,0
1059,t3_ldeog,0
1060,t3_pfod3,0
1061,t3_193qwb,0
1062,t3_1950v4,0
1063,t3_lzkhn,0
1064,t3_krl47,0
1065,t3_r67bm,0
1066,t3_zaw9z,1
1067,t3_sxko6,0
1068,t3_p8av3,0
1069,t3_inwm2,0
1070,t3_1ihttr,0
1071,t3_j85dp,0
1072,t3_1ag1v5,0
1073,t3_1lu5yo,0
1074,t3_1fj9p3,0
1075,t3_1nv4ks,0
1076,t3_1mdaak,0
1077,t3_1ctxw7,0
1078,t3_1eevnc,0
1079,t3_1ij15g,0
1080,t3_15isv5,0
1081,t3_1lf3me,0
1082,t3_16d2ly,0
1083,t3_1k1xs4,0
1084,t3_ytvgx,0
1085,t3_1ihggu,0
1086,t3_iyq1i,0
1087,t3_j2vji,0
1088,t3_tf9im,0
1089,t3_15ti56,1
1090,t3_zq14r,0
1091,t3_ix9g0,0
1092,t3_sosun,0
1093,t3_13byqo,0
1094,t3_1cf800,0
1095,t3_135fj1,0
1096,t3_1crefk,0
1097,t3_10cvn1,0
1098,t3_sidd8,0
1099,t3_l4o05,0
1100,t3_1irpp0,0
1101,t3_14tboe,0
1102,t3_14vcsz,0
1103,t3_1ik17v,0
1104,t3_1memn0,0
1105,t3_1icup0,0
1106,t3_lhqi7,0
1107,t3_1ipvwk,0
1108,t3_1dlaly,0
1109,t3_zzuu4,0
1110,t3_19cz7c,0
1111,t3_1k64o2,0
1112,t3_1mjpg0,0
1113,t3_iol8h,0
1114,t3_1isd30,0
1115,t3_lj7oy,0
1116,t3_xnm2p,0
1117,t3_1c3v9m,0
1118,t3_s4svv,0
1119,t3_19jlpy,0
1120,t3_19nhbi,0
1121,t3_1gb1to,0
1122,t3_1c8rmz,0
1123,t3_1igt9f,0
1124,t3_1eqmt5,0
1125,t3_rwaf0,0
1126,t3_1kw2e6,0
1127,t3_1jgelh,0
1128,t3_jcq0o,0
1129,t3_172kz4,0
1130,t3_w56fp,0
1131,t3_my16i,0
1132,t3_k0r9x,0
1133,t3_17sczo,0
1134,t3_14im5p,0
1135,t3_1ih8z4,0
1136,t3_qmmdi,0
1137,t3_qgsgw,0
1138,t3_1gdjus,0
1139,t3_k0vt2,0
1140,t3_1jd94m,0
1141,t3_k4z02,0
1142,t3_lp6lv,0
1143,t3_1agayp,0
1144,t3_1b9o16,0
1145,t3_17q6f5,0
1146,t3_n39i4,0
1147,t3_pey91,0
1148,t3_125l77,0
1149,t3_150p6t,0
1150,t3_1ig7c8,0
1151,t3_1bd8v3,0
1152,t3_in1tc,0
1153,t3_pcmhh,0
1154,t3_ziw36,0
1155,t3_m489r,0
1156,t3_jxuil,0
1157,t3_i7lvc,0
1158,t3_iq3hd,0
1159,t3_y5tl0,0
1160,t3_1mx6dp,0
1161,t3_17la4f,0
1162,t3_i11au,0
1163,t3_naa39,0
1164,t3_k87gg,0
1165,t3_lrud4,0
1166,t3_11k0ch,0
1167,t3_jjtne,0
1168,t3_1o3fi6,1
1169,t3_qwz21,0
1170,t3_if9kv,0
1171,t3_ino69,0
1172,t3_y36b3,0
1173,t3_ljw7y,0
1174,t3_msmlt,0
1175,t3_1c01o8,0
1176,t3_yk3jz,0
1177,t3_jvh01,0
1178,t3_wgsws,0
1179,t3_lq66h,0
1180,t3_15567s,0
1181,t3_1lsr9x,1
1182,t3_1d96q8,0
1183,t3_r1xtu,0
1184,t3_1exwmo,0
1185,t3_k4m4x,0
1186,t3_15e251,0
1187,t3_1ma7rd,0
1188,t3_jgtfw,0
1189,t3_18droz,0
1190,t3_phmbn,0
1191,t3_n6s1i,0
1192,t3_htxnw,0
1193,t3_wkd6l,0
1194,t3_1i8b15,0
1195,t3_17ovhi,0
1196,t3_ngtw8,0
1197,t3_jedff,0
1198,t3_1iv2s8,0
1199,t3_iynyd,0
1200,t3_vi2qo,0
1201,t3_nz2df,0
1202,t3_rkhub,0
1203,t3_jmr1j,0
1204,t3_iwavb,0
1205,t3_iv6eu,0
1206,t3_j6nr5,0
1207,t3_1cniq6,0
1208,t3_q0c6k,0
1209,t3_1mufdh,0
1210,t3_1bw1b9,0
1211,t3_ico94,0
1212,t3_vipop,0
1213,t3_1iwdep,0
1214,t3_1izd63,0
1215,t3_1m9j1d,0
1216,t3_1g5pyx,0
1217,t3_v7tzf,0
1218,t3_jog1v,0
1219,t3_pe8md,0
1220,t3_kxlzo,0
1221,t3_kz2ws,0
1222,t3_1ee1fp,0
1223,t3_khxzm,0
1224,t3_1166u8,0
1225,t3_wj4na,0
1226,t3_11lg2f,0
1227,t3_1iwg9n,0
1228,t3_vjgu4,0
1229,t3_1275dw,1
1230,t3_16w1fs,0
1231,t3_1lxlbw,0
1232,t3_ojw1m,0
1233,t3_1jart1,0
1234,t3_yf6n3,0
1235,t3_1n859f,0
1236,t3_n993g,0
1237,t3_jzi49,0
1238,t3_tv7zq,0
1239,t3_opj7h,0
1240,t3_12jio7,0
1241,t3_1loyn7,0
1242,t3_12c6hf,0
1243,t3_pzish,0
1244,t3_1h05vp,0
1245,t3_110efm,0
1246,t3_xa98e,0
1247,t3_xgrpi,1
1248,t3_1h29mo,0
1249,t3_niode,0
1250,t3_hy49h,0
1251,t3_1eluz0,0
1252,t3_12eoc9,1
1253,t3_1necw3,0
1254,t3_1lw16j,0
1255,t3_ihh90,0
1256,t3_jyepv,0
1257,t3_kqf8k,0
1258,t3_m9h42,0
1259,t3_ikck4,0
1260,t3_vzfp5,0
1261,t3_1mhbok,0
1262,t3_150x3u,0
1263,t3_rdsa5,0
1264,t3_1k175h,0
1265,t3_xu8em,0
1266,t3_w7fjy,0
1267,t3_xnrho,0
1268,t3_1n6wjw,0
1269,t3_15fud8,0
1270,t3_11hnoe,0
1271,t3_jmnl8,0
1272,t3_1kkv09,0
1273,t3_ngvgh,0
1274,t3_jx94c,0
1275,t3_xwxmj,0
1276,t3_iwfd1,0
1277,t3_10hpsk,0
1278,t3_hvwav,0
1279,t3_snqsi,0
1280,t3_icqr9,0
1281,t3_ibz1b,0
1282,t3_iay69,0
1283,t3_11zblm,0
1284,t3_wzkmu,0
1285,t3_1crpj5,0
1286,t3_iczu2,0
1287,t3_wns9p,0
1288,t3_1invu0,0
1289,t3_m2hic,0
1290,t3_vi9dc,0
1291,t3_pimge,0
1292,t3_i7adt,0
1293,t3_15e9dq,0
1294,t3_1czkj9,0
1295,t3_1btf55,0
1296,t3_yifuj,0
1297,t3_zh4v4,0
1298,t3_paght,0
1299,t3_1bmaeo,0
1300,t3_1mnkgu,0
1301,t3_1hdqo9,0
1302,t3_12lbis,0
1303,t3_1hcumf,0
1304,t3_11s3p3,0
1305,t3_1dkhn2,0
1306,t3_onxcv,0
1307,t3_1g5q8a,0
1308,t3_16lcq8,0
1309,t3_17gi30,0
1310,t3_ibs5y,0
1311,t3_1cs2px,0
1312,t3_v4w93,0
1313,t3_1n1axt,0
1314,t3_ihko3,1
1315,t3_1896rw,0
1316,t3_125i9k,0
1317,t3_ww56x,0
1318,t3_uj7th,0
1319,t3_xsnoi,0
1320,t3_jyi06,0
1321,t3_yxnzv,0
1322,t3_l4640,0
1323,t3_1dnss4,0
1324,t3_1359u2,0
1325,t3_s4r05,0
1326,t3_j16ec,0
1327,t3_zpi3v,0
1328,t3_pyewj,0
1329,t3_ychfj,0
1330,t3_l4pgj,0
1331,t3_1llkaa,0
1332,t3_wj3qa,0
1333,t3_zy61w,0
1334,t3_1dize8,0
1335,t3_1f7t8i,0
1336,t3_1lerlv,0
1337,t3_1meieg,0
1338,t3_156xcj,0
1339,t3_j8iuv,0
1340,t3_irgvc,0
1341,t3_qyedt,0
1342,t3_u95c6,0
1343,t3_1e97au,0
1344,t3_wp8uc,0
1345,t3_sst1u,0
1346,t3_1c63lb,0
1347,t3_o85l6,0
1348,t3_idivc,0
1349,t3_k45dt,0
1350,t3_19ywdh,0
1351,t3_kf0cy,1
1352,t3_137zgp,0
1353,t3_1gx8mx,0
1354,t3_tvndu,0
1355,t3_zsgtc,0
1356,t3_l4n9w,0
1357,t3_mjeye,0
1358,t3_mz1mg,0
1359,t3_jgbs9,0
1360,t3_1gnaod,0
1361,t3_hrz9i,0
1362,t3_1me64e,0
1363,t3_idq7h,0
1364,t3_ys5ol,0
1365,t3_1lezr3,1
1366,t3_lnwd6,0
1367,t3_zwbh8,1
1368,t3_1ctkfz,0
1369,t3_1kn4ge,0
1370,t3_1l10qa,0
1371,t3_177ayp,0
1372,t3_jijg7,1
1373,t3_16vnjz,0
1374,t3_1nbk1o,0
1375,t3_vem93,0
1376,t3_o6e99,0
1377,t3_jahvc,0
1378,t3_k62zb,0
1379,t3_1n351g,0
1380,t3_11tjwv,0
1381,t3_14ux4w,0
1382,t3_ijhc3,1
1383,t3_1j6f3u,0
1384,t3_w21z2,0
1385,t3_j82a6,1
1386,t3_pm783,0
1387,t3_v3r93,0
1388,t3_1jimga,0
1389,t3_idti4,1
1390,t3_mjkln,0
1391,t3_y2ne5,0
1392,t3_xry1e,0
1393,t3_qceuc,0
1394,t3_16noen,0
1395,t3_1ee39k,0
1396,t3_1eq5xl,0
1397,t3_mrkl3,0
1398,t3_ojet5,0
1399,t3_v0ki0,0
1400,t3_jq47k,0
1401,t3_1fqoyo,0
1402,t3_vbb3v,0
1403,t3_1k62l3,0
1404,t3_12p4pv,0
1405,t3_i37e6,0
1406,t3_if7vp,0
1407,t3_kvy1i,0
1408,t3_xd0ls,0
1409,t3_rirnq,0
1410,t3_mco6n,0
1411,t3_13tugz,0
1412,t3_k0ilx,0
1413,t3_ibat9,0
1414,t3_m42qj,0
1415,t3_1cucx0,0
1416,t3_zjfck,0
1417,t3_1iv5aj,0
1418,t3_u7z81,0
1419,t3_ke8v1,0
1420,t3_t6s95,0
1421,t3_w3y90,0
1422,t3_vvs2c,0
1423,t3_hupa5,0
1424,t3_zf126,0
1425,t3_v18x3,0
1426,t3_my9b0,0
1427,t3_10kngj,0
1428,t3_is415,0
1429,t3_io8w1,0
1430,t3_jatqy,0
1431,t3_yz9sf,0
1432,t3_k4z3q,0
1433,t3_1bird0,0
1434,t3_1cjq75,0
1435,t3_1cle36,0
1436,t3_1cgw6n,0
1437,t3_yvb02,0
1438,t3_jzmij,0
1439,t3_iii4u,0
1440,t3_jmyq9,0
1441,t3_kr3gt,0
1442,t3_w8rkv,0
1443,t3_12x5q1,0
1444,t3_jshkp,0
1445,t3_1o9hi0,0
1446,t3_u64m1,0
1447,t3_1cylzs,0
1448,t3_icou8,0
1449,t3_jvh8u,0
1450,t3_rzjzd,0
1451,t3_mxzhx,0
1452,t3_vwclz,0
1453,t3_wxsh1,0
1454,t3_k3ki7,0
1455,t3_j6283,0
1456,t3_mxya9,0
1457,t3_1aduwk,0
1458,t3_ot2tt,0
1459,t3_1lvsn9,0
1460,t3_1cysab,0
1461,t3_nhqn0,0
1462,t3_1109ba,0
1463,t3_11sa5p,0
1464,t3_16wls1,0
1465,t3_1i8cqz,0
1466,t3_wwkkm,0
1467,t3_110gio,0
1468,t3_inmlb,0
1469,t3_k3ocx,0
1470,t3_1hz09s,0
1471,t3_1mzio9,0
1472,t3_lb1w0,0
1473,t3_1crwei,0
1474,t3_q5961,0
1475,t3_lxx3z,0
1476,t3_16appe,0
1477,t3_1adg49,0
1478,t3_iyk1y,0
1479,t3_1iw0gf,0
1480,t3_x1o1v,0
1481,t3_1m23pg,0
1482,t3_yintm,0
1483,t3_ts9p3,0
1484,t3_z9ck0,0
1485,t3_th40x,0
1486,t3_icon7,1
1487,t3_t0mtn,0
1488,t3_juayz,0
1489,t3_mzfsp,0
1490,t3_14exjy,0
1491,t3_1c7725,0
1492,t3_1ifyzz,0
1493,t3_i96f9,0
1494,t3_kbmyh,0
1495,t3_170pqr,0
1496,t3_sqwpp,0
1497,t3_1553el,0
1498,t3_ikbu8,0
1499,t3_y6aab,0
1500,t3_1fxma9,0
1501,t3_18gj1h,0
1502,t3_o0jew,0
1503,t3_1jpkbf,0
1504,t3_idu38,0
1505,t3_lhjci,0
1506,t3_1d3hd7,0
1507,t3_150b65,0
1508,t3_rjp1j,0
1509,t3_k30r3,0
1510,t3_1hav4d,0
1511,t3_1a5ixr,0
1512,t3_pxd37,0
1513,t3_1djtso,0
1514,t3_14ezoh,1
1515,t3_12obj5,0
1516,t3_nqwjm,0
1517,t3_oifsx,0
1518,t3_1f45sh,1
1519,t3_1fr5bm,0
1520,t3_r7odh,0
1521,t3_1kmou4,0
1522,t3_17pzg4,0
1523,t3_i0miz,0
1524,t3_il0s0,0
1525,t3_1l5uzx,0
1526,t3_1evpom,0
1527,t3_idy6k,0
1528,t3_sshis,0
1529,t3_1blxrm,0
1530,t3_1esd91,0
1531,t3_vai9m,0
1532,t3_ne3jr,0
1533,t3_1nm9os,0
1534,t3_ledhr,0
1535,t3_pw02q,0
1536,t3_irgbj,0
1537,t3_xd9hv,0
1538,t3_icu7p,0
1539,t3_1d8yob,0
1540,t3_l4xry,0
1541,t3_112jsu,0
1542,t3_kly75,1
1543,t3_ifrfv,1
1544,t3_x8mp3,0
1545,t3_x2qzw,0
1546,t3_13u1al,0
1547,t3_xnwf2,0
1548,t3_xf1p9,0
1549,t3_jjz0j,0
1550,t3_k08dr,0
1551,t3_1af9hg,0
1552,t3_tl8gg,0
1553,t3_qdtn7,0
1554,t3_ubnwm,0
1555,t3_s14x9,0
1556,t3_157g5c,0
1557,t3_y9nfg,0
1558,t3_tfqnk,0
1559,t3_1lxsiq,0
1560,t3_r1boq,0
1561,t3_14ihpw,0
1562,t3_12124d,0
1563,t3_10o1th,0
1564,t3_1blyk4,0
1565,t3_jxj0w,0
1566,t3_12vddw,0
1567,t3_1kow8l,0
1568,t3_llfug,0
1569,t3_1fqagd,0
1570,t3_pfs19,0
1571,t3_185q0b,0
1572,t3_th6m0,0
1573,t3_1ma6le,0
1574,t3_k0q1w,0
1575,t3_15xp2y,0
1576,t3_vpe62,0
1577,t3_12gbgy,0
1578,t3_jtsb9,0
1579,t3_wly8k,0
1580,t3_j2k0d,0
1581,t3_1j4tf5,0
1582,t3_yfjn0,0
1583,t3_1cot73,0
1584,t3_n81pv,0
1585,t3_ijnhm,0
1586,t3_1493gl,0
1587,t3_1i4pcy,0
1588,t3_n5o88,0
1589,t3_mrgd3,0
1590,t3_1fqv6l,0
1591,t3_mscj8,0
1592,t3_tiyor,0
1593,t3_l4rl8,1
1594,t3_1e2v32,0
1595,t3_r7sgr,0
1596,t3_t0krh,0
1597,t3_iregv,0
1598,t3_ndcvq,0
1599,t3_w3ldb,0
1600,t3_q3io5,0
1601,t3_smcni,0
1602,t3_zzsho,0
1603,t3_pr3p3,0
1604,t3_1hluyc,0
1605,t3_k025c,0
1606,t3_1go8c1,0
1607,t3_ihhbr,0
1608,t3_1ckfzz,0
1609,t3_1l7ksf,0
1610,t3_vawcb,0
1611,t3_mody8,0
1612,t3_1foy3z,0
1613,t3_qzu4g,0
1614,t3_lmb89,0
1615,t3_1m53fu,0
1616,t3_10cy64,0
1617,t3_m7m7l,0
1618,t3_1lfrlc,0
1619,t3_iihye,0
1620,t3_xn5hp,1
1621,t3_ro9ud,0
1622,t3_kx1pn,0
1623,t3_1cn0h3,0
1624,t3_zq12j,0
1625,t3_1br2hm,0
1626,t3_knttk,0
1627,t3_11wza2,0
1628,t3_iwbsf,0
1629,t3_nys7g,0
1630,t3_17pmtu,0
